,file_name,abspath,location,date_taken
0,0.pickle,C:/Users/Admin/SuperGlue (Obodroid Intern)/SuperGluePretrainedNetwork-master/saved_superpoints/pickle/test_realdata/0.pickle,1,07/21/2021
1,1020.pickle,C:/Users/Admin/SuperGlue (Obodroid Intern)/SuperGluePretrainedNetwork-master/saved_superpoints/pickle/test_realdata/1020.pickle,2,07/21/2021
2,1080.pickle,C:/Users/Admin/SuperGlue (Obodroid Intern)/SuperGluePretrainedNetwork-master/saved_superpoints/pickle/test_realdata/1080.pickle,3,07/21/2021
3,1140.pickle,C:/Users/Admin/SuperGlue (Obodroid Intern)/SuperGluePretrainedNetwork-master/saved_superpoints/pickle/test_realdata/1140.pickle,4,07/21/2021
4,120.pickle,C:/Users/Admin/SuperGlue (Obodroid Intern)/SuperGluePretrainedNetwork-master/saved_superpoints/pickle/test_realdata/120.pickle,5,07/21/2021
5,1200.pickle,C:/Users/Admin/SuperGlue (Obodroid Intern)/SuperGluePretrainedNetwork-master/saved_superpoints/pickle/test_realdata/1200.pickle,6,07/21/2021
6,1260.pickle,C:/Users/Admin/SuperGlue (Obodroid Intern)/SuperGluePretrainedNetwork-master/saved_superpoints/pickle/test_realdata/1260.pickle,7,07/21/2021
7,1320.pickle,C:/Users/Admin/SuperGlue (Obodroid Intern)/SuperGluePretrainedNetwork-master/saved_superpoints/pickle/test_realdata/1320.pickle,8,07/21/2021
8,1380.pickle,C:/Users/Admin/SuperGlue (Obodroid Intern)/SuperGluePretrainedNetwork-master/saved_superpoints/pickle/test_realdata/1380.pickle,9,07/21/2021
9,1440.pickle,C:/Users/Admin/SuperGlue (Obodroid Intern)/SuperGluePretrainedNetwork-master/saved_superpoints/pickle/test_realdata/1440.pickle,10,07/21/2021
10,1500.pickle,C:/Users/Admin/SuperGlue (Obodroid Intern)/SuperGluePretrainedNetwork-master/saved_superpoints/pickle/test_realdata/1500.pickle,11,07/21/2021
11,1560.pickle,C:/Users/Admin/SuperGlue (Obodroid Intern)/SuperGluePretrainedNetwork-master/saved_superpoints/pickle/test_realdata/1560.pickle,12,07/21/2021
12,1620.pickle,C:/Users/Admin/SuperGlue (Obodroid Intern)/SuperGluePretrainedNetwork-master/saved_superpoints/pickle/test_realdata/1620.pickle,13,07/21/2021
13,1680.pickle,C:/Users/Admin/SuperGlue (Obodroid Intern)/SuperGluePretrainedNetwork-master/saved_superpoints/pickle/test_realdata/1680.pickle,14,07/21/2021
14,1740.pickle,C:/Users/Admin/SuperGlue (Obodroid Intern)/SuperGluePretrainedNetwork-master/saved_superpoints/pickle/test_realdata/1740.pickle,15,07/21/2021
15,180.pickle,C:/Users/Admin/SuperGlue (Obodroid Intern)/SuperGluePretrainedNetwork-master/saved_superpoints/pickle/test_realdata/180.pickle,16,07/21/2021
16,1800.pickle,C:/Users/Admin/SuperGlue (Obodroid Intern)/SuperGluePretrainedNetwork-master/saved_superpoints/pickle/test_realdata/1800.pickle,17,07/21/2021
17,1860.pickle,C:/Users/Admin/SuperGlue (Obodroid Intern)/SuperGluePretrainedNetwork-master/saved_superpoints/pickle/test_realdata/1860.pickle,18,07/21/2021
18,1920.pickle,C:/Users/Admin/SuperGlue (Obodroid Intern)/SuperGluePretrainedNetwork-master/saved_superpoints/pickle/test_realdata/1920.pickle,19,07/21/2021
19,1980.pickle,C:/Users/Admin/SuperGlue (Obodroid Intern)/SuperGluePretrainedNetwork-master/saved_superpoints/pickle/test_realdata/1980.pickle,20,07/21/2021
20,2040.pickle,C:/Users/Admin/SuperGlue (Obodroid Intern)/SuperGluePretrainedNetwork-master/saved_superpoints/pickle/test_realdata/2040.pickle,21,07/21/2021
21,2100.pickle,C:/Users/Admin/SuperGlue (Obodroid Intern)/SuperGluePretrainedNetwork-master/saved_superpoints/pickle/test_realdata/2100.pickle,22,07/21/2021
22,2160.pickle,C:/Users/Admin/SuperGlue (Obodroid Intern)/SuperGluePretrainedNetwork-master/saved_superpoints/pickle/test_realdata/2160.pickle,23,07/21/2021
23,2220.pickle,C:/Users/Admin/SuperGlue (Obodroid Intern)/SuperGluePretrainedNetwork-master/saved_superpoints/pickle/test_realdata/2220.pickle,24,07/21/2021
24,2280.pickle,C:/Users/Admin/SuperGlue (Obodroid Intern)/SuperGluePretrainedNetwork-master/saved_superpoints/pickle/test_realdata/2280.pickle,25,07/21/2021
25,2340.pickle,C:/Users/Admin/SuperGlue (Obodroid Intern)/SuperGluePretrainedNetwork-master/saved_superpoints/pickle/test_realdata/2340.pickle,26,07/21/2021
26,240.pickle,C:/Users/Admin/SuperGlue (Obodroid Intern)/SuperGluePretrainedNetwork-master/saved_superpoints/pickle/test_realdata/240.pickle,27,07/21/2021
27,2400.pickle,C:/Users/Admin/SuperGlue (Obodroid Intern)/SuperGluePretrainedNetwork-master/saved_superpoints/pickle/test_realdata/2400.pickle,28,07/21/2021
28,2460.pickle,C:/Users/Admin/SuperGlue (Obodroid Intern)/SuperGluePretrainedNetwork-master/saved_superpoints/pickle/test_realdata/2460.pickle,29,07/21/2021
29,2520.pickle,C:/Users/Admin/SuperGlue (Obodroid Intern)/SuperGluePretrainedNetwork-master/saved_superpoints/pickle/test_realdata/2520.pickle,30,07/21/2021
30,2580.pickle,C:/Users/Admin/SuperGlue (Obodroid Intern)/SuperGluePretrainedNetwork-master/saved_superpoints/pickle/test_realdata/2580.pickle,31,07/21/2021
31,2640.pickle,C:/Users/Admin/SuperGlue (Obodroid Intern)/SuperGluePretrainedNetwork-master/saved_superpoints/pickle/test_realdata/2640.pickle,32,07/21/2021
32,2700.pickle,C:/Users/Admin/SuperGlue (Obodroid Intern)/SuperGluePretrainedNetwork-master/saved_superpoints/pickle/test_realdata/2700.pickle,33,07/21/2021
33,2760.pickle,C:/Users/Admin/SuperGlue (Obodroid Intern)/SuperGluePretrainedNetwork-master/saved_superpoints/pickle/test_realdata/2760.pickle,34,07/21/2021
34,2820.pickle,C:/Users/Admin/SuperGlue (Obodroid Intern)/SuperGluePretrainedNetwork-master/saved_superpoints/pickle/test_realdata/2820.pickle,35,07/21/2021
35,2880.pickle,C:/Users/Admin/SuperGlue (Obodroid Intern)/SuperGluePretrainedNetwork-master/saved_superpoints/pickle/test_realdata/2880.pickle,36,07/21/2021
36,2940.pickle,C:/Users/Admin/SuperGlue (Obodroid Intern)/SuperGluePretrainedNetwork-master/saved_superpoints/pickle/test_realdata/2940.pickle,37,07/21/2021
37,300.pickle,C:/Users/Admin/SuperGlue (Obodroid Intern)/SuperGluePretrainedNetwork-master/saved_superpoints/pickle/test_realdata/300.pickle,38,07/21/2021
38,3000.pickle,C:/Users/Admin/SuperGlue (Obodroid Intern)/SuperGluePretrainedNetwork-master/saved_superpoints/pickle/test_realdata/3000.pickle,39,07/21/2021
39,3060.pickle,C:/Users/Admin/SuperGlue (Obodroid Intern)/SuperGluePretrainedNetwork-master/saved_superpoints/pickle/test_realdata/3060.pickle,40,07/21/2021
40,360.pickle,C:/Users/Admin/SuperGlue (Obodroid Intern)/SuperGluePretrainedNetwork-master/saved_superpoints/pickle/test_realdata/360.pickle,41,07/21/2021
41,420.pickle,C:/Users/Admin/SuperGlue (Obodroid Intern)/SuperGluePretrainedNetwork-master/saved_superpoints/pickle/test_realdata/420.pickle,42,07/21/2021
42,480.pickle,C:/Users/Admin/SuperGlue (Obodroid Intern)/SuperGluePretrainedNetwork-master/saved_superpoints/pickle/test_realdata/480.pickle,43,07/21/2021
43,540.pickle,C:/Users/Admin/SuperGlue (Obodroid Intern)/SuperGluePretrainedNetwork-master/saved_superpoints/pickle/test_realdata/540.pickle,44,07/21/2021
44,60.pickle,C:/Users/Admin/SuperGlue (Obodroid Intern)/SuperGluePretrainedNetwork-master/saved_superpoints/pickle/test_realdata/60.pickle,45,07/21/2021
45,600.pickle,C:/Users/Admin/SuperGlue (Obodroid Intern)/SuperGluePretrainedNetwork-master/saved_superpoints/pickle/test_realdata/600.pickle,46,07/21/2021
46,660.pickle,C:/Users/Admin/SuperGlue (Obodroid Intern)/SuperGluePretrainedNetwork-master/saved_superpoints/pickle/test_realdata/660.pickle,47,07/21/2021
47,720.pickle,C:/Users/Admin/SuperGlue (Obodroid Intern)/SuperGluePretrainedNetwork-master/saved_superpoints/pickle/test_realdata/720.pickle,48,07/21/2021
48,780.pickle,C:/Users/Admin/SuperGlue (Obodroid Intern)/SuperGluePretrainedNetwork-master/saved_superpoints/pickle/test_realdata/780.pickle,49,07/21/2021
49,840.pickle,C:/Users/Admin/SuperGlue (Obodroid Intern)/SuperGluePretrainedNetwork-master/saved_superpoints/pickle/test_realdata/840.pickle,50,07/21/2021
50,900.pickle,C:/Users/Admin/SuperGlue (Obodroid Intern)/SuperGluePretrainedNetwork-master/saved_superpoints/pickle/test_realdata/900.pickle,51,07/21/2021
51,960.pickle,C:/Users/Admin/SuperGlue (Obodroid Intern)/SuperGluePretrainedNetwork-master/saved_superpoints/pickle/test_realdata/960.pickle,52,07/21/2021
